Workbook

Sheet LOGIQUE_CDC
A1: PRINCIPE | B1: CE QUE DIT LE CAHIER DES CHARGES | C1: CONSÉQUENCE SUR LES RÔLES
A2: Nature de l'étude | B2: Étude quantitative descriptive et comparative des habitudes de consommation (§8 Résultats attendus) | C2: Aucune variable à expliquer imposée : pas de modèle exigé
A3: Échantillonnage | B3: Stratifié par ville et par catégorie de répondants (§4b) | C3: CODEZONE et VOUSETES = facteurs de comparaison → Input
A4: Objectif 1 | B4: Profils socio-économiques des consommateurs | C4: SEXMAFEM, AGEREPON, VILLEREG, REVMENME → Input
A5: Objectif général et objectifs 2 à 5 | B5: Habitudes, critères de choix, notoriété et perception, part de marché par origine, attentes non satisfaites | C5: Variables mesurées à décrire et comparer par ville × catégorie → Target
A6: Objectif 6 | B6: Recommandations stratégiques | C6: Pas de variable propre : s'appuie sur les objectifs 2 à 5 (dont leviers de fidélité Q41)
A7: Hors objectifs | B7: Identifiants, textes libres, contrôle qualité, consentement de recontact commercial | C7: None
A8: Limite | B8: Le rôle est unique par variable et n'agit que sur certaines boîtes de dialogue | C8: Pour les régressions A15/A16 (prédicteurs PRACSOLA, DEJACHLI…), choisir les variables dans la boîte de dialogue ou utiliser un VARIABLE ROLE avant ce bloc

Sheet ROLES_CDC
A1: VARIABLE | B1: LIBELLÉ | C1: RÔLE SPSS (CDC) | D1: RÔLE PRÉCÉDENT | E1: CHANGEMENT | F1: RATTACHEMENT AU CAHIER DES CHARGES
A2: NUMFICHE | B2: N° de fiche | C2: None | D2: None | E2: =IF(C2=D2,"Identique","Modifié") -> Identique | F2: Identifiant de fiche
A3: CODEENQU | B3: Identifiant enquêteur | C3: None | D3: None | E3: =IF(C3=D3,"Identique","Modifié") -> Identique | F3: Identifiant enquêteur : contrôle terrain (8 enquêteurs, CDC §5), hors analyse de marché
A4: CODEZONE | B4: Zone d'étude | C4: Input | D4: Input | E4: =IF(C4=D4,"Identique","Modifié") -> Identique | F4: Strate d'échantillonnage (ville), CDC §4 : facteur de comparaison
A5: QUARTIER | B5: Quartier / zone | C5: None | D5: None | E5: =IF(C5=D5,"Identique","Modifié") -> Identique | F5: Texte libre de localisation
A6: SITEENQU | B6: Site précis / repère | C6: None | D6: None | E6: =IF(C6=D6,"Identique","Modifié") -> Identique | F6: Texte libre de localisation
A7: DATEENQU | B7: Date de l'enquête | C7: None | D7: None | E7: =IF(C7=D7,"Identique","Modifié") -> Identique | F7: Horodatage technique
A8: HEUREENQ | B8: Heure de soumission | C8: None | D8: None | E8: =IF(C8=D8,"Identique","Modifié") -> Identique | F8: Horodatage technique
A9: DELAIPRE | B9: Minutes depuis la fiche précédente du même enquêteur | C9: None | D9: None | E9: =IF(C9=D9,"Identique","Modifié") -> Identique | F9: Contrôle qualité
A10: ACCRECON | B10: Accepte d'être recontacté à des fins commerciales | C10: None | D10: None | E10: =IF(C10=D10,"Identique","Modifié") -> Identique | F10: Consentement de recontact commercial : hors objectifs du CDC
A11: VOUSETES | B11: Q1. Vous êtes | C11: Input | D11: Input | E11: =IF(C11=D11,"Identique","Modifié") -> Identique | F11: Strate (catégorie de répondants), CDC §4 et objectif 1 : facteur de comparaison
A12: SEXMAFEM | B12: Q2. Genre | C12: Input | D12: Input | E12: =IF(C12=D12,"Identique","Modifié") -> Identique | F12: Objectif 1 (profils socio-économiques) : variable de profil
A13: AGEREPON | B13: Q3. Âge | C13: Input | D13: Input | E13: =IF(C13=D13,"Identique","Modifié") -> Identique | F13: Objectif 1 (profils socio-économiques) : variable de profil
... A68: STATUTQC | B68: Statut contrôle qualité | C68: None | D68: None | E68: =IF(C68=D68,"Identique","Modifié") -> Identique | F68: Statut du contrôle qualité

Sheet RECAP
A1: RÔLE SPSS | B1: VERSION CDC | C1: VERSION PRÉCÉDENTE
A2: Input | B2: =COUNTIF(ROLES_CDC!$C$2:$C$68,A2) -> 6 | C2: =COUNTIF(ROLES_CDC!$D$2:$D$68,A2) -> 53
A3: Target | B3: =COUNTIF(ROLES_CDC!$C$2:$C$68,A3) -> 49 | C3: =COUNTIF(ROLES_CDC!$D$2:$D$68,A3) -> 2
A4: Both | B4: =COUNTIF(ROLES_CDC!$C$2:$C$68,A4) -> 0 | C4: =COUNTIF(ROLES_CDC!$D$2:$D$68,A4) -> 0
A5: None | B5: =COUNTIF(ROLES_CDC!$C$2:$C$68,A5) -> 12 | C5: =COUNTIF(ROLES_CDC!$D$2:$D$68,A5) -> 12
A6: Partition | B6: =COUNTIF(ROLES_CDC!$C$2:$C$68,A6) -> 0 | C6: =COUNTIF(ROLES_CDC!$D$2:$D$68,A6) -> 0
A7: Split | B7: =COUNTIF(ROLES_CDC!$C$2:$C$68,A7) -> 0 | C7: =COUNTIF(ROLES_CDC!$D$2:$D$68,A7) -> 0
A8: TOTAL | B8: =SUM(B2:B7) -> 67 | C8: =SUM(C2:C7) -> 67
A10: Variables modifiées | B10: =COUNTIF(ROLES_CDC!$E$2:$E$68,"Modifié") -> 47
A11: Variables identiques | B11: =COUNTIF(ROLES_CDC!$E$2:$E$68,"Identique") -> 20
